annovar_chr	annovar_start	annovar_end	annovar_ref	annovar_alt	annovar_func	annovar_gene	annovar_exonic_func	annovar_annotation	annovar_ens_func	annovar_ens_gene	annovar_ens_exonic_func	annovar_ens_annotation	annovar_dbsnp	annovar_1000g	annovar_esp	annovar_complete_genomics	annovar_cosmic	annovar_clinvar	annovar_exac	annovar_target	normal_name	tumour_name	gatk_filter	gatk_normal_lod	gatk_tumour_lod	gatk_normal_genotype	gatk_normal_ref_count	gatk_normal_alt_count	gatk_normal_depth	gatk_normal_allele_fraction	gatk_tumour_genotype	gatk_tumour_ref_count	gatk_tumour_alt_count	gatk_tumour_depth	gatk_tumour_allele_fraction	gatk_variant_length	gatk_mutation_type	gt_POS	gt_REF	gt_ALT	AD_t	AF_t	DP_t	F1R2_t	F2R1_t	GQ_t	GT_t	PGT_t	PID_t	PL_t	PS_t	SB_t	AD_n	AF_n	DP_n	F1R2_n	F2R1_n	GQ_n	GT_n	PGT_n	PID_n	PL_n	PS_n	SB_n	ensembl_gene	hgnc_gene	cosmic_census	aa	snvid	in_centromere	normal_coverage_threshold	unique_mapping	high_depth	distance_to_low_complexity_1	multi_mapping	dist_low_complexity	flagged_count	pon_count	in_hard_clips	in_soft_clips
1	136995	136995	C	T	ncRNA_exonic	LOC729737	NA	NA	intronic	ENSG00000237683	NA	NA	NA	NA	NA	NA	NA	NA	NA	NA	321322	321321	PASS	2.82	9.61	0/0	10	0	10	0.085	0/1	6	4	10	0.429	1	snv	136995	C	T	64	0.429	10	1,3	2,1	NA	0/1	NA	NA	NA	NA	0,6,3,1	100	0.085	10	20	40	NA	0/0	NA	NA	NA	NA	4,6,0,0	ENSG00000237683	LOC729737	FALSE	NA	1_136995_136995_C_T	0	0	FLAGGED	0	999999	0	0	1	0	0	11
1	671740	671740	C	T	intergenic	LOC100133331(dist=6009),LOC100288069(dist=28505)	NA	NA	intergenic	ENSG00000224956(dist=8213),ENSG00000235373(dist=5453)	NA	NA	rs113125723	NA	NA	NA	NA	NA	NA	NA	321322	321321	PASS	4.81	16.08	0/0	16	0	16	0.056	0/1	15	7	22	0.332	1	snv	671740	C	T	157	0.332	22	7,5	8,1	NA	0/1	NA	NA	NA	NA	15,0,5,2	160	0.056	16	50	110	NA	0/0	NA	NA	NA	NA	14,2,0,0	ENSG00000224956	LOC100133331	FALSE	NA	1_671740_671740_C_T	0	0	FLAGGED	0	999999	0	0	1	0	0	0
1	803138	803138	G	A	downstream	FAM41C	NA	NA	downstream	ENSG00000230368	NA	NA	NA	NA	NA	NA	NA	NA	NA	NA	321322	321321	PASS	10.79	28.9	0/0	36	0	36	0.026	0/1	10	9	19	0.471	1	snv	803138	G	A	109	0.471	19	6,6	4,2	NA	0/1	NA	NA	NA	NA	5,5,3,6	360	0.026	36	220	130	NA	0/0	NA	NA	NA	NA	20,16,0,0	ENSG00000230368	FAM41C	FALSE	NA	1_803138_803138_G_A	0	0	0	0	999999	0	0	0	0	0	1
1	813109	813109	A	C	upstream	FAM41C	NA	NA	upstream	ENSG00000230368	NA	NA	NA	NA	NA	NA	NA	NA	NA	NA	321322	321321	PASS	7.82	17.74	0|0	26	0	26	0.035	0|1	15	5	20	0.25	1	snv	813109	A	C	155	0.25	20	8,4	6,1	NA	0|1	0|1	813109_A_C	NA	813109	7,8,4,1	260	0.035	26	150	90	NA	0|0	0|1	813109_A_C	NA	813109	16,10,0,0	ENSG00000230368	FAM41C	FALSE	NA	1_813109_813109_A_C	0	0	0	0	999999	0	0	0	0	1	0
1	813112	813112	T	C	upstream	FAM41C	NA	NA	upstream	ENSG00000230368	NA	NA	NA	NA	NA	NA	NA	NA	NA	NA	321322	321321	PASS	7.82	17.74	0|0	26	0	26	0.036	0|1	15	5	20	0.25	1	snv	813112	T	C	155	0.25	20	9,4	6,1	NA	0|1	0|1	813109_A_C	NA	813109	7,8,4,1	260	0.036	26	150	100	NA	0|0	0|1	813109_A_C	NA	813109	16,10,0,0	ENSG00000230368	FAM41C	FALSE	NA	1_813112_813112_T_C	0	0	0	0	999999	0	0	0	0	0	0
1	832813	832813	C	A	intergenic	FAM41C(dist=20631),LOC100130417(dist=20140)	NA	NA	intergenic	ENSG00000269308(dist=12830),ENSG00000272438(dist=7401)	NA	NA	NA	NA	NA	NA	NA	NA	NA	NA	321322	321321	PASS	11.14	43	0/0	39	0	39	0.025	0/1	15	14	29	0.479	1	snv	832813	C	A	1514	0.479	29	10,2	5,10	NA	0/1	NA	NA	NA	NA	7,8,6,8	390	0.025	39	210	180	NA	0/0	NA	NA	NA	NA	17,22,0,0	ENSG00000269308	FAM41C	FALSE	NA	1_832813_832813_C_A	0	0	0	0	999999	0	0	0	0	0	0
1	985092	985092	T	A	exonic	AGRN	nonsynonymous SNV	AGRN:NM_198576:exon26:c.T4661A:p.L1554Q	exonic	ENSG00000188157	nonsynonymous SNV	ENSG00000188157:ENST00000379370:exon26:c.T4661A:p.L1554Q	NA	NA	NA	NA	NA	NA	NA	Name=NA	321322	321321	PASS	14.75	6.45	0/0	50	0	50	0.019	0/1	17	2	19	0.101	1	snv	985092	T	A	172	0.101	19	8,0	8,2	NA	0/1	NA	NA	NA	NA	10,7,1,1	500	0.019	50	260	240	NA	0/0	NA	NA	NA	NA	32,18,0,0	ENSG00000188157	AGRN	FALSE	p.L1554Q	1_985092_985092_T_A	0	0	0	0	351	0	0	0	0	2	0
1	1589175	1589175	C	A	intronic	CDK11B	NA	NA	intronic	ENSG00000248333	NA	NA	NA	NA	NA	NA	NA	NA	NA	NA	321322	321321	PASS	6.62	39.16	0/0	22	0	22	0.042	0/1	11	11	22	0.5	1	snv	1589175	C	A	1111	0.5	22	5,7	6,4	NA	0/1	NA	NA	NA	NA	9,2,7,4	220	0.042	22	140	80	NA	0/0	NA	NA	NA	NA	13,9,0,0	ENSG00000248333	CDK11B	FALSE	NA	1_1589175_1589175_C_A	0	0	FLAGGED	0	177	0	0	1	0	0	0
1	1862102	1862102	C	T	intergenic	TMEM52(dist=11362),KIAA1751(dist=22650)	NA	NA	intronic	ENSG00000142609	NA	NA	NA	NA	NA	NA	NA	NA	NA	NA	321322	321321	PASS	8.08	110.74	0/0	28	0	28	0.035	0/1	10	28	38	0.726	1	snv	1862102	C	T	1028	0.726	38	5,10	3,18	NA	0/1	NA	NA	NA	NA	6,4,14,14	280	0.035	28	90	180	NA	0/0	NA	NA	NA	NA	14,14,0,0	ENSG00000142609	TMEM52	FALSE	NA	1_1862102_1862102_C_T	0	0	0	0	999999	0	0	0	0	0	0
1	1976422	1976422	C	G	intergenic	GABRD(dist=14230),PRKCZ(dist=5487)	NA	NA	intergenic	ENSG00000187730(dist=14230),ENSG00000226969(dist=4220)	NA	NA	NA	NA	NA	NA	NA	NA	NA	NA	321322	321321	PASS	10.53	78.76	0/0	35	0	35	0.027	0/1	10	22	32	0.675	1	snv	1976422	C	G	1022	0.675	32	6,8	3,13	NA	0/1	NA	NA	NA	NA	6,4,12,10	350	0.027	35	170	180	NA	0/0	NA	NA	NA	NA	14,21,0,0	ENSG00000187730	GABRD	FALSE	NA	1_1976422_1976422_C_G	0	0	0	0	999999	0	0	0	0	0	0
1	2015717	2015717	G	A	intronic	PRKCZ	NA	NA	intronic	ENSG00000067606	NA	NA	NA	NA	NA	NA	NA	NA	NA	NA	321322	321321	PASS	12.04	59.15	0/0	40	0	40	0.024	0/1	12	19	31	0.589	1	snv	2015717	G	A	1219	0.589	31	4,9	8,6	NA	0/1	NA	NA	NA	NA	5,7,10,9	400	0.024	40	200	200	NA	0/0	NA	NA	NA	NA	19,21,0,0	ENSG00000067606	PRKCZ	FALSE	NA	1_2015717_2015717_G_A	0	0	0	0	999999	0	0	0	0	0	0
1	2215030	2215030	G	A	intronic	SKI	NA	NA	intronic	ENSG00000157933	NA	NA	NA	NA	NA	NA	NA	NA	NA	NA	321322	321321	PASS	12.29	35.47	0/0	41	0	41	0.023	0/1	13	10	23	0.44	1	snv	2215030	G	A	1310	0.44	23	9,6	4,4	NA	0/1	NA	NA	NA	NA	4,9,6,4	410	0.023	41	190	210	NA	0/0	NA	NA	NA	NA	26,15,0,0	ENSG00000157933	SKI	FALSE	NA	1_2215030_2215030_G_A	0	0	0	0	999999	0	0	0	0	0	0
1	2884257	2884257	C	G	intergenic	TTC34(dist=178027),ACTRT2(dist=53789)	NA	NA	intergenic	ENSG00000231630(dist=152694),ENSG00000169717(dist=53789)	NA	NA	NA	NA	NA	NA	NA	NA	NA	NA	321322	321321	PASS	8.08	19.22	0/0	27	0	27	0.035	0/1	13	7	20	0.363	1	snv	2884257	C	G	137	0.363	20	4,4	9,3	NA	0/1	NA	NA	NA	NA	2,11,2,5	270	0.035	27	160	100	NA	0/0	NA	NA	NA	NA	17,10,0,0	ENSG00000231630	TTC34	FALSE	NA	1_2884257_2884257_C_G	0	0	0	0	999999	0	0	0	0	0	0
1	3339078	3339078	A	T	intronic	PRDM16	NA	NA	intronic	ENSG00000142611	NA	NA	NA	NA	NA	NA	NA	NA	NA	NA	321322	321321	PASS	11.99	33.52	0/0	41	0	41	0.024	0/1	7	10	17	0.556	1	snv	3339078	A	T	710	0.556	17	2,4	5,6	NA	0/1	NA	NA	NA	NA	1,6,7,3	410	0.024	41	220	180	NA	0/0	NA	NA	NA	NA	18,23,0,0	ENSG00000142611	PRDM16	TRUE	NA	1_3339078_3339078_A_T	0	0	0	0	999999	0	0	0	0	0	1
1	3374784	3374784	G	A	intronic	ARHGEF16	NA	NA	intronic	ENSG00000130762	NA	NA	NA	NA	NA	NA	NA	NA	NA	NA	321322	321321	PASS	12.94	41.17	0/0	43	0	43	0.022	0/1	12	11	23	0.504	1	snv	3374784	G	A	1211	0.504	23	1,5	10,6	NA	0/1	NA	NA	NA	NA	8,4,7,4	430	0.022	43	200	230	NA	0/0	NA	NA	NA	NA	26,17,0,0	ENSG00000130762	ARHGEF16	FALSE	NA	1_3374784_3374784_G_A	0	0	0	0	999999	0	0	0	0	0	0
